model,prompt_variant,avg_relevance,std_relevance,avg_sentiment,std_sentiment,avg_naturalness,std_naturalness,avg_helpfulness,std_helpfulness,avg_positivity,std_positivity,avg_diversity,avg_overall_quality,avg_positivity_score,avg_generation_time,safety_pass_rate,best_suggestion_1_rate,best_suggestion_2_rate,best_suggestion_3_rate
gemini-2.5-flash,base,7.05,2.9715127911816945,6.705555555555556,2.9439782725967993,7.288888888888889,2.9962525735979018,6.261111111111111,2.787369535266689,6.0777777777777775,2.860744825378173,5.666666666666667,7.383333333333334,6.983333333333333,4.679011603196462,0.9888888888888889,0.5666666666666667,0.16666666666666666,0.26666666666666666
gemini-2.5-flash,no_positivity,6.722222222222222,3.1922664153454554,6.461111111111111,3.1699776868412473,7.027777777777778,3.244988496343686,6.072222222222222,2.9953978770710106,5.95,3.032919938269935,5.35,7.283333333333333,6.9383333333333335,4.638438264528911,1.0,0.7,0.1,0.2
gemini-2.5-flash,no_sentiment,7.583333333333333,2.0520462603822076,7.111111111111111,2.1348109407974465,7.977777777777778,1.9518092324687732,6.944444444444445,1.9767424877353463,7.055555555555555,1.9511412567008692,6.416666666666667,7.766666666666667,7.433333333333334,4.7243217309316,1.0,0.5333333333333333,0.08333333333333333,0.38333333333333336
gemini-2.0-flash,base,8.233333333333333,0.9221059210356143,7.805555555555555,1.167996050264148,8.472222222222221,0.6019572875542972,7.372222222222222,1.320362890508479,6.866666666666666,1.7187757108285182,7.0,7.9,6.913333333333333,4.984651982784271,1.0,0.31666666666666665,0.11666666666666667,0.5666666666666667
gemini-2.0-flash,no_positivity,8.172222222222222,0.9020804975635043,7.683333333333334,1.1698015875309558,8.5,0.5837654690927067,7.311111111111111,1.2741034262013333,6.883333333333334,1.5865179186335248,7.0,7.933333333333334,6.941666666666666,4.977744174003601,1.0,0.35,0.13333333333333333,0.5166666666666667
gemini-2.0-flash,no_sentiment,8.005555555555556,1.0908313790201476,7.538888888888889,1.3343920377798941,8.366666666666667,0.7760377805696759,7.333333333333333,1.272836097792475,7.366666666666666,1.3282491521005635,6.983333333333333,7.9,7.491666666666666,6.021376009782156,1.0,0.4166666666666667,0.1,0.48333333333333334
