model,prompt_variant,avg_relevance,std_relevance,avg_sentiment,std_sentiment,avg_naturalness,std_naturalness,avg_helpfulness,std_helpfulness,avg_positivity,std_positivity,avg_diversity,avg_overall_quality,avg_positivity_score,avg_generation_time,safety_pass_rate,best_suggestion_1_rate,best_suggestion_2_rate,best_suggestion_3_rate
gpt-4.1-mini,base,8.083333333333334,0.8572900539252393,8.064102564102564,0.8476113471776736,8.076923076923077,0.8465372467728147,8.083333333333334,0.8572900539252393,8.051282051282051,0.8560590256621914,7.980769230769231,8.057692307692308,8.038461538461538,1.477595063356253,1.0,0.057692307692307696,0.0,0.9423076923076923
gpt-4.1-mini,no_positivity,8.076923076923077,0.8388814483389447,8.012820512820513,0.8346309169785826,8.064102564102564,0.8322490878645933,8.044871794871796,0.8450458946723332,8.012820512820513,0.8499501274718494,7.980769230769231,8.01923076923077,7.980769230769231,1.558160662651062,1.0,0.057692307692307696,0.019230769230769232,0.9230769230769231
gpt-4.1-mini,no_sentiment,8.051282051282051,0.8635625520042842,7.980769230769231,0.9191240840527768,8.038461538461538,0.8567351032967212,8.025641025641026,0.864711161537009,8.006410256410257,0.8907901159104792,8.0,8.01923076923077,8.0,1.5559326456143305,1.0,0.038461538461538464,0.019230769230769232,0.9423076923076923
gpt-4o-mini,base,8.025641025641026,0.9500337375925672,7.987179487179487,0.9297046321603333,8.025641025641026,0.943218361121989,7.980769230769231,0.9603168418415693,7.955128205128205,0.9661559930012553,8.0,8.01923076923077,7.961538461538462,1.2310956991635835,0.9935897435897436,0.019230769230769232,0.0,0.9807692307692307
gpt-4o-mini,no_positivity,8.098039215686274,0.8793291842316425,8.07843137254902,0.870037898181709,8.091503267973856,0.8611457875548487,8.084967320261438,0.8806973344899145,8.07843137254902,0.8775669997266807,8.0,8.058823529411764,8.058823529411764,1.2613513469696045,1.0,0.0392156862745098,0.0,0.9607843137254902
gpt-4o-mini,no_sentiment,8.052287581699346,0.992013168904013,8.019607843137255,0.9832183207476709,8.052287581699346,0.9304133891165812,8.03921568627451,0.9926198253344826,8.045751633986928,0.9551788843281617,7.980392156862745,8.058823529411764,8.058823529411764,1.3435001981024648,1.0,0.0392156862745098,0.0,0.9607843137254902
